Timestamp,1. Name,Arrival Date,Notes,We will be utilizing WhatsApp for communication purposes.  Enter your Mobile number below if you would like to participate.
9/7/2026 22:13,Jack Van Brabant,10/27/2026,,
9/7/2026 22:13,Brad Wellock,10/26/2026,See you then,1 780 916 3905
9/7/2026 22:23,Ravi Abraham,12/26/2026,,‪+52 669 543 2346‬
9/8/2026 0:50,Clay D’Acquisto,1/30/2027,,8047040608
9/8/2026 4:24,ron heslop,11/7/2026,,253 468 1229
9/8/2026 5:16,Frank Webb,7/27/2026,Leave your winter clothing at home.,6692742798
9/8/2026 6:22,Gord Charlesworth,11/6/2026,,6691965947
9/8/2026 6:27,Nick Diamond,11/1/2026,,13065371461
9/8/2026 6:47,Donald Schaumburg,10/27/2026,,5416542564
9/8/2026 7:16,Gregg Undershute,11/17/2026,send invite to cell number for whatsapp group please,4036010795
9/8/2026 7:23,Dave Porteous,10/17/2026,,52 669 198 5161
9/8/2026 7:50,Klaus Meyer,10/26/2026,Possibly Oct 17th,7807178091 or 7806678093
9/8/2026 7:48,Duke Covey,1/7/2027,,832-642-7696
9/8/2026 8:13,Charles Jeffers,10/14/2026,Thanks Joe,425 232 8748
9/8/2026 8:18,Dan Wuerch,11/14/2026,,(651) 308-5999
9/8/2026 8:20,Joe Carchi,10/21/2026,,206-913-7474
9/8/2026 8:21,Rick Wynne,11/2/2026,,4254971510
9/8/2026 8:43,Reg Stephen,9/8/2026,Present,6691730718
9/8/2026 8:47,Lyle kurtz,10/26/2026,,780 907 0816
9/8/2026 9:21,Darcy DeLeeuw,10/31/2026,,7809072444
9/8/2026 9:36,Gord Asmussen,11/2/2026,Will start Handicap update starting Oct 1,7802177002
9/8/2026 10:05,JOHN CALES,1/9/2027,,3062878894
9/8/2026 10:09,Brian and Janice Bolton,10/14/2026,,
9/9/2026 11:38,Ken lem,10/10/2026,6692739406,Hollys phone 6692739406
9/9/2026 20:50,Ulrich Mueller,10/28/2026,,5037896730
9/11/2026 6:32,Dana,10/31/2026,See y'all soon .,1-780-446-1051
9/14/2026 4:21,Warren Englot,10/25/2026,,
9/15/2026 18:39,Roberto Garcia,10/21/2026,,
9/15/2026 18:41,Ken MacRae,9/29/2026,,
9/15/2026 19:26,Russ Story,11/4/2026,,
9/15/2026 19:30,Dennis Clark,11/4/2026,,
9/15/2026 19:30,Brent DeLeeuw,11/10/2026,,
9/16/2026 7:50,Charlie Bourassa,10/27/2026,,52 669 929 8437
9/16/2026 18:11,Mike Fox,9/16/2026,,
9/17/2026 18:11,R.E. Talton,11/2/2026,,
9/24/2026 18:11,Jamie Davis,10/26/2026,,
9/30/2026 14:50, David McDonald,11/10/2026, I am here for 2 weeks right now. frckin' hot!,
